keyword,channel_id,channel_name,sub_count,collected_at
AI generated YouTube channel Korea,UCcYdwXK299huV0G3dBqJFDw,Ai generated inspired channel,,2026-03-15T12:15:56.650255
AI generated YouTube channel Korea,UCPCQX1MqL60i9VdS1KB_H_w,Ai Generated Youtuber,,2026-03-15T12:15:56.650268
AI generated YouTube channel Korea,UCmpQxK37UZ5TuDa61AZL8Yw,AI Guy,,2026-03-15T12:15:56.650272
AI generated YouTube channel Korea,UCfCHc_umyx8BasSDvvfkF5g,AI Genesis,,2026-03-15T12:15:56.650274
AI generated YouTube channel Korea,UC71AxwrzMEYlyVUzbG6shpA,AI Generated Channel,,2026-03-15T12:15:56.650276
AI generated YouTube channel Korea,UCV1KM8Na1MbScZWx3yFhCWw,A.I. Generated Channel,,2026-03-15T12:15:56.650279
AI generated YouTube channel Korea,UCoy00fcxSXwFefd3bzjMEKw,AI Generated Channel ,,2026-03-15T12:15:56.650281
AI generated YouTube channel Korea,UCRb4hPnmBoiMPN9KbtnNpxw,AI Generated,,2026-03-15T12:15:56.650283
AI generated YouTube channel Korea,UCe79rbxnqHidFGRqiiV9nLA,Ai generated Videos ,,2026-03-15T12:15:56.650285
AI generated YouTube channel Korea,UCb2uiqvhPPta_LBXpJUE3Yg,Ai Generated,,2026-03-15T12:15:56.650287
AI generated YouTube channel Korea,UCJc9FXmFeurPOLFMlNTZNQQ,My A.I-generated content channel,,2026-03-15T12:15:56.650289
AI generated YouTube channel Korea,UCcWwhtXujzBs2rMtVqNm19Q,Ai Generated ,,2026-03-15T12:15:56.650291
AI generated YouTube channel Korea,UCS5Qu4iIMZR3BBcM7FhWp7A,Ai generated ,,2026-03-15T12:15:56.650293
AI generated YouTube channel Korea,UCAS8mef0uBS9lItEF7TYSDg,Ai generated video,,2026-03-15T12:15:56.650296
AI generated YouTube channel Korea,UCnUHulGX1d1A_KkX4CTosrQ,Kool Korean // Unknown Artist - AI Generated Music,,2026-03-15T12:15:56.650298
AI generated YouTube channel Korea,UCLa3brr5mzQGoA9rngHiwhA,AI Generated Channel,,2026-03-15T12:15:56.650300
AI generated YouTube channel Korea,UCE70FMQCa2YqYeUPwK5TbWg, AI Generated Videos by ROBLOP Experience,,2026-03-15T12:15:56.650302
AI generated YouTube channel Korea,UCgd8z2n0Gg9z1zZXPXk6qFQ,Ai generated ,,2026-03-15T12:15:56.650304
AI generated YouTube channel Korea,UC5LptKYO1PoKB0HTO4ffR8g,Ai generated,,2026-03-15T12:15:56.650306
AI generated YouTube channel Korea,UCa0fkyLjK-g0pYjkMe4SBJg,AI generated,,2026-03-15T12:15:56.650308
인공지능 유튜브 채널 한국,UCdLZ0MsYS4hmqFgOYCB6C9w,CONNECT AI LAB,,2026-03-15T12:15:59.702626
인공지능 유튜브 채널 한국,UCUxQ8mc0TJZP9NC1Wj9NUOg,인공지능 한이룸,,2026-03-15T12:15:59.702637
인공지능 유튜브 채널 한국,UC4dp2vvzTHcw_UxmQb41reQ,인공지능미니쌤,,2026-03-15T12:15:59.702639
인공지능 유튜브 채널 한국,UCUvgpnc2-J5WYfbziZ-JXzA,Ai Korea 공방,,2026-03-15T12:15:59.702641
인공지능 유튜브 채널 한국,UChmh3_0FFyAYgq3O569VTFQ,IAAE TV,,2026-03-15T12:15:59.702643
인공지능 유튜브 채널 한국,UCw7FrceFhwPLzIPeu-AFM8A,AI 코리아 커뮤니티,,2026-03-15T12:15:59.702646
인공지능 유튜브 채널 한국,UCiz-PqKnIM4j-684SaSeIgg,KOREA-AI-BIBLE,,2026-03-15T12:15:59.702648
인공지능 유튜브 채널 한국,UCLmizSoQnE4szY-ZL0t4QLQ,유튜브AI교육원,,2026-03-15T12:15:59.702650
인공지능 유튜브 채널 한국,UCIMEfpjHL3DLuj7T3gQYi-g,엘리쌤과인공지능,,2026-03-15T12:15:59.702652
인공지능 유튜브 채널 한국,UCQKwAIadomkLjSzvqGdznHQ,ai유튜브를보다,,2026-03-15T12:15:59.702654
인공지능 유튜브 채널 한국,UCmMgn0-i7HfHNsxUYANXclw,NIA AI Hub,,2026-03-15T12:15:59.702656
인공지능 유튜브 채널 한국,UCczw8k5vxmjlGQmEZYQWctg,"대한민국 인공지능 여기까지, 솔트룩스",,2026-03-15T12:15:59.702658
인공지능 유튜브 채널 한국,UCr-BsqUguoNpv3kxjsjorgA,AI 머니,,2026-03-15T12:15:59.702660
인공지능 유튜브 채널 한국,UCgYEDLbAcP26PjuOGebu05A,AI는 내 친구,,2026-03-15T12:15:59.702663
인공지능 유튜브 채널 한국,UCnIWvu1ObsckN_hpW8-yw3A,Ai Worship Korea,,2026-03-15T12:15:59.702665
인공지능 유튜브 채널 한국,UCjFn5_50M4MuQ2bW7O3tjEQ,AI GRAND Korea OFFICIAL,,2026-03-15T12:15:59.702668
인공지능 유튜브 채널 한국,UCfYdfgiT4M2gM6L0jAVyWhw,KOSA한국인공지능·소프트웨어산업협회,,2026-03-15T12:15:59.702670
인공지능 유튜브 채널 한국,UC1wnOopnBuSvd-98O1Is84A,AI튜터랩,,2026-03-15T12:15:59.702672
인공지능 유튜브 채널 한국,UCNwZiwmMMljfmPOj78HOd5g,한국인공지능아카데미 ,,2026-03-15T12:15:59.702674
인공지능 유튜브 채널 한국,UCI5Qk0X2qYa4933Aojsa4sw,인공지능팩토리(AIFactory),,2026-03-15T12:15:59.702676
AI avatar YouTube channel,UCV0FmNF3iM-022BF1KbVtxA,HeyGen,,2026-03-15T12:16:02.025900
AI avatar YouTube channel,UCvsJXx79aqsP9VZWNSpLyyQ,AI Avtar ,동영상 1개,2026-03-15T12:16:02.025912
AI avatar YouTube channel,UClT4gJGWUe4hp5WMHigQQtA,Ai Avatar,,2026-03-15T12:16:02.025915
AI avatar YouTube channel,UCbSmO2zxCs6m7Ve2CVd6mtg,OpenArt,,2026-03-15T12:16:02.025917
AI avatar YouTube channel,UC3T4cONZJfJ-9VEuy7CH-Gg,AI AVATAR,,2026-03-15T12:16:02.025919
AI avatar YouTube channel,UCu1z1HAWRppn46o5t5jdtKA,AI Avatar,,2026-03-15T12:16:02.025921
AI avatar YouTube channel,UCB_XSGdAMU0QTy0RDxPznQQ,AI AVATAR,,2026-03-15T12:16:02.025922
AI avatar YouTube channel,UCg_oCSwboqcGa1tWo07G2nw,AI Avatar,,2026-03-15T12:16:02.025924
AI avatar YouTube channel,UCsJXghKMoeWS86xBt6Sf-bg,😊 AI AVATAR ☺️,동영상 ,2026-03-15T12:16:02.025926
AI avatar YouTube channel,UCwEA0fSqaa7qCy_r8ql1Axg,ai avatar,,2026-03-15T12:16:02.025928
AI avatar YouTube channel,UC6aHqeDxhjozqpLGgjaiNNw,AI Avatar ,,2026-03-15T12:16:02.025930
AI avatar YouTube channel,UCctBfmrCv8j4BM0mYwgOPmg,Ai Avatar,,2026-03-15T12:16:02.025932
AI avatar YouTube channel,UCEmZmEa2x1i_DGWhAF9PfNg,Ai Avatar,,2026-03-15T12:16:02.025934
AI avatar YouTube channel,UCH-IoWslrJ18EzyAABQdB0w,AI Avatar,,2026-03-15T12:16:02.025936
AI avatar YouTube channel,UC0Rqs6pyPoGaMT5HFMFdslg,Synthesia,,2026-03-15T12:16:02.025938
AI avatar YouTube channel,UCmpQxK37UZ5TuDa61AZL8Yw,AI Guy,,2026-03-15T12:16:02.025940
AI avatar YouTube channel,UCHi3-CRbzAbsBeSgy8K0d2g, AI Avatar,,2026-03-15T12:16:02.025942
AI avatar YouTube channel,UCmeDfszgRV1sUUGzgN4lzxg,AI AVATAR ,,2026-03-15T12:16:02.025944
AI avatar YouTube channel,UCGr9nOnYakW6PGP5usqAKMA,AI Avatar,,2026-03-15T12:16:02.025946
AI avatar YouTube channel,UCh13OyDSm-Kb8ij3yZArtFg,Higgsfield AI,,2026-03-15T12:16:02.025948
AI 아바타 유튜브,UCjf8cxzqPlayWaJpmtvNC-A,김이솝의 AI 가이드,,2026-03-15T12:16:04.401480
AI 아바타 유튜브,UC3ShxrLQl-qvie_m0Nhpm4A,아바타AI,,2026-03-15T12:16:04.401492
AI 아바타 유튜브,UCzw6gzaOFHJxG0PnEKawdpA,AVATAR AI,,2026-03-15T12:16:04.401494
AI 아바타 유튜브,UCmpQxK37UZ5TuDa61AZL8Yw,AI Guy,,2026-03-15T12:16:04.401496
AI 아바타 유튜브,UCV0FmNF3iM-022BF1KbVtxA,HeyGen,,2026-03-15T12:16:04.401497
AI 아바타 유튜브,UCr-BsqUguoNpv3kxjsjorgA,AI 머니,,2026-03-15T12:16:04.401500
AI 아바타 유튜브,UClT4gJGWUe4hp5WMHigQQtA,Ai Avatar,,2026-03-15T12:16:04.401502
AI 아바타 유튜브,UCu1z1HAWRppn46o5t5jdtKA,AI Avatar,,2026-03-15T12:16:04.401504
AI 아바타 유튜브,UCHi3-CRbzAbsBeSgy8K0d2g, AI Avatar,,2026-03-15T12:16:04.401506
AI 아바타 유튜브,UCTXjZ4EmRMwx-klZU5tnRSg,Heygen AI Avatar,,2026-03-15T12:16:04.401508
AI 아바타 유튜브,UCg_oCSwboqcGa1tWo07G2nw,AI Avatar,,2026-03-15T12:16:04.401510
AI 아바타 유튜브,UCH-IoWslrJ18EzyAABQdB0w,AI Avatar,,2026-03-15T12:16:04.401512
AI 아바타 유튜브,UCD6bEdSOia3PvQ8zDgc-HJw,AI Avatar ,,2026-03-15T12:16:04.401513
AI 아바타 유튜브,UCR3RKR9fT5yGaHloXUh9kAA,AI avatar clip,,2026-03-15T12:16:04.401515
AI 아바타 유튜브,UCy_OkZp1jVdYe7kJ7h2OLgQ,AI Avatar,,2026-03-15T12:16:04.401517
AI 아바타 유튜브,UCHW-9i5WziWUGltr1kvAjnw,AI 아바타 수봉이,,2026-03-15T12:16:04.401519
AI 아바타 유튜브,UCrh91rWpwvSpqbZmP5X2i_A,AI AVATAR Global,,2026-03-15T12:16:04.401521
AI 아바타 유튜브,UCYp9lZXMFAIu0tRbDZXlFLA,AI Avatars,,2026-03-15T12:16:04.401523
AI 아바타 유튜브,UCJl6Yefd9323DJIWsSefIHQ,Ai Avatar ,,2026-03-15T12:16:04.401525
AI 아바타 유튜브,UCmeDfszgRV1sUUGzgN4lzxg,AI AVATAR ,,2026-03-15T12:16:04.401527
